stage,level,Z1_static,Z2_static,Z1_rl,Z2_rl,ratio_static,ratio_rl,FOF_rl,FOF_static,edges_rl,confidence_rl,headroom_rl,adaptation_gain,algorithm,disruption
0,0.0,420999.8297228285,13405.501228684068,275255.3918938714,9141.824936974994,0.0318420585526359,0.0332121557150086,1.0,1.0,74,0.6526155412388853,0.6731095569155234,0.3461864531510858,A2C,demand
1,0.1,473393.8831972797,14774.754038568815,318356.30432796245,10071.55295138072,0.0312102766068307,0.0316361033673932,1.0,1.0,74,0.661859590949164,0.6371275684881839,0.3275022858812641,A2C,demand
2,0.2,525787.9366717307,16181.676517443888,357530.2836445524,11018.695162784425,0.0307760513104862,0.0308189142761929,1.0,1.0,74,0.661859590949164,0.6041391656234733,0.32001048577162,A2C,demand
3,0.3,578181.9901461817,17589.33669524334,396704.2629611424,11944.609058689177,0.0304217997015026,0.0301096060060719,1.0,1.0,74,0.667926089732326,0.5711507627587628,0.313876478821411,A2C,demand
4,0.4,628425.9440932412,18902.00940837372,434554.2700763064,12858.037986201743,0.0300783403136665,0.0295890268986285,1.0,1.0,74,0.6672811447811864,0.5533509419430265,0.308503612620057,A2C,demand
5,0.5,675869.8262068586,20106.22718500513,470680.0699060654,13665.569182626416,0.0297486681686117,0.0290336686347345,1.0,1.0,74,0.6762238105017028,0.5214474377960998,0.3035936038931737,A2C,demand
6,0.6000000000000001,723313.7083204758,21312.790550039936,506805.86973582464,14516.921025418516,0.029465486834928,0.0286439480919696,1.0,1.0,74,0.676119398016228,0.489543933649173,0.2993277136795585,A2C,demand
7,0.7000000000000001,770757.590434093,22519.35391507476,544088.2667836506,15326.685986584269,0.0292171678807493,0.0281694844793973,1.0,1.0,74,0.6772319635659605,0.4576404295022463,0.2940863981926945,A2C,demand
8,0.8,818201.4725477106,23737.32824183697,582436.2589491335,16107.04086925926,0.0290115931567854,0.027654598459101,1.0,1.0,74,0.6803601108219663,0.4257369253553198,0.288150561333571,A2C,demand
9,0.9,865645.3546613277,24971.28618624712,620420.1224360465,16846.38906965835,0.028847016912621,0.0271531958111092,1.0,1.0,74,0.6862739300014311,0.417708382866642,0.2832860257434435,A2C,demand
10,1.0,913089.236774945,26205.24413065727,656066.3286184211,17311.030395019618,0.0286995433471703,0.0263860979292659,1.0,1.0,74,0.6923898937802473,0.387061455649097,0.2814871732190553,A2C,demand
0,0.0,420999.8297228285,13405.501228684068,331041.97354687745,7536.452817158932,0.0318420585526359,0.0227658527298252,1.0,1.0,66,0.6703938678084715,0.6330192988315391,0.2136767044185651,DQN,demand
1,0.1,473393.8831972797,14774.754038568815,368055.1850048868,8530.41608432645,0.0312102766068307,0.0231770028839919,1.0,1.0,70,0.6640361918021797,0.5963212287146928,0.2225180804638632,DQN,demand
2,0.2,525787.9366717307,16181.676517443888,404837.70842808986,8679.506558692956,0.0307760513104862,0.0214394716154131,1.0,1.0,70,0.653795494332364,0.5596231585978466,0.2300361415845009,DQN,demand
3,0.3,578181.9901461817,17589.33669524334,445437.271620967,10034.56996919992,0.0304217997015026,0.0225274592148152,1.0,1.0,71,0.664776542058288,0.5365024001917731,0.2295898536923518,DQN,demand
4,0.4,628425.9440932412,18902.00940837372,493710.7924447073,11302.01789223878,0.0300783403136665,0.0228919806194119,1.0,1.0,73,0.6790395006637707,0.5998853505495938,0.2143691757394183,DQN,demand
5,0.5,675869.8262068586,20106.22718500513,542561.5056748526,13145.09770857634,0.0297486681686117,0.0242278480339774,1.0,1.0,75,0.6749326094303375,0.5713057327317077,0.1972396389999592,DQN,demand
6,0.6000000000000001,723313.7083204758,21312.790550039936,542060.3972642149,12835.148683782876,0.029465486834928,0.0236784475467346,1.0,1.0,75,0.670696095732384,0.5672492423833009,0.2505874131393534,DQN,demand
7,0.7000000000000001,770757.590434093,22519.35391507476,593856.5534928143,13982.759890236344,0.0292171678807493,0.0235456859202708,1.0,1.0,76,0.6976355067493749,0.5848172539414198,0.2295157895774306,DQN,demand
8,0.8,818201.4725477106,23737.32824183697,645159.3309513363,15988.21551953061,0.0290115931567854,0.0247818093182575,1.0,1.0,78,0.6913898530063288,0.5603947394673857,0.211490870405741,DQN,demand
9,0.9,865645.3546613277,24971.28618624712,754404.767181305,18348.90567170514,0.028847016912621,0.0243223617743859,1.0,1.0,78,0.680114532792959,0.4470021177682769,0.1285059601845193,DQN,demand
10,1.0,913089.236774945,26205.24413065727,800069.2883563918,19427.248517654203,0.0286995433471703,0.0242819575759047,1.0,1.0,78,0.680114532792959,0.4178969660718703,0.1237775497362586,DQN,demand
0,0.0,420999.8297228285,13405.501228684068,410177.7744325376,12321.283232422858,0.0318420585526359,0.0300388855770374,1.0,1.0,81,0.649504330994367,0.6730737118798351,0.0257056049106144,PPO,demand
1,0.1,473393.8831972797,14774.754038568815,450195.6418773415,14037.106700164695,0.0312102766068307,0.0311800146301487,1.0,1.0,80,0.6364068021819452,0.6231040347821466,0.0490041002711281,PPO,demand
2,0.2,525787.9366717307,16181.676517443888,498150.4803500546,15700.691727426029,0.0307760513104862,0.0315179696632893,1.0,1.0,77,0.645748137660997,0.6169277709129926,0.0525638843991417,PPO,demand
3,0.3,578181.9901461817,17589.33669524334,577156.4300117394,16847.95396092923,0.0304217997015026,0.0291913129350158,1.0,1.0,76,0.6515712409768998,0.5009085286960941,0.0017737670005649,PPO,demand
4,0.4,628425.9440932412,18902.00940837372,627357.7203747131,17499.982037077156,0.0300783403136665,0.0278947424551093,1.0,1.0,76,0.650285685280696,0.4829782662171787,0.0016998402573425,PPO,demand
5,0.5,675869.8262068586,20106.22718500513,674794.4210723019,20365.150483737627,0.0297486681686117,0.03017978490601,1.0,1.0,76,0.6522681427161817,0.4460481423755484,0.0015911423958547,PPO,demand
6,0.6000000000000001,723313.7083204758,21312.790550039936,722323.3218588913,22161.421132022515,0.029465486834928,0.0306807498268093,1.0,1.0,78,0.6584861908824616,0.5294020423300846,0.0013692350223586,PPO,demand
7,0.7000000000000001,770757.590434093,22519.35391507476,769814.9590358478,23419.07003164011,0.0292171678807493,0.0304216873896179,1.0,1.0,80,0.6594211116033378,0.4999896699757148,0.0012229933379109,PPO,demand
8,0.8,818201.4725477106,23737.32824183697,817192.9215085808,24375.74714138027,0.0290115931567854,0.0298286322602762,1.0,1.0,80,0.6589025297240643,0.4705772976213452,0.001232643881695,PPO,demand
9,0.9,865645.3546613277,24971.28618624712,864518.7736163269,24948.351016247783,0.028847016912621,0.0288580789424474,1.0,1.0,78,0.6651216701219762,0.4411649252669753,0.0013014348646757,PPO,demand
10,1.0,913089.236774945,26205.24413065727,911896.7360890596,25953.848959409992,0.0286995433471703,0.0284613903441751,1.0,1.0,78,0.6651216701219762,0.4117525529126058,0.0013060067273351,PPO,demand
0,0.0,420999.8297228285,13405.501228684068,275255.3918938714,9141.824936974994,0.0318420585526359,0.0332121557150086,1.0,1.0,74,0.6526155412388853,0.6731095569155234,0.3461864531510858,A2C,failure
1,0.05,420999.8297228285,13426.329260189328,275255.3918938714,9172.077940412517,0.0318915313315655,0.0333220645644934,1.0,1.0,74,0.6526155412388853,0.6731095569155234,0.3461864531510858,A2C,failure
2,0.1,420999.8297228285,13445.595036222136,275255.3918938714,9200.039616858214,0.0319372932883945,0.0334236490466476,1.0,1.0,74,0.6526155412388853,0.6731095569155234,0.3461864531510858,A2C,failure
3,0.15,420999.8297228285,13463.366496612987,275255.3918938714,9225.818377807293,0.0319795058004579,0.0335173030193153,1.0,1.0,74,0.6526155412388853,0.6731095569155234,0.3461864531510858,A2C,failure
4,0.2,420999.8297228285,13479.710216760148,275255.3918938714,9249.521356614054,0.0320183270041574,0.0336034156968679,1.0,1.0,74,0.6526155412388853,0.6731095569155234,0.3461864531510858,A2C,failure
5,0.25,420999.8297228285,13494.691407629649,275255.3918938714,9271.254408491915,0.0320539117949622,0.0336823716502039,1.0,1.0,74,0.6526155412388853,0.6731095569155234,0.3461864531510858,A2C,failure
6,0.3,420999.8297228285,13508.373915755288,275255.3918938714,9291.122110513366,0.0320864118274079,0.0337545508067492,1.0,1.0,74,0.6526155412388853,0.6731095569155234,0.3461864531510858,A2C,failure
7,0.35,420999.8297228285,13520.82022323859,263864.05294307286,9272.506570578746,0.0321159755150975,0.0351412269581837,1.0,1.0,74,0.6529971227030431,0.6254319953930074,0.3732442763295375,A2C,failure
8,0.4,420999.8297228285,13532.09144774891,263864.05294307286,9288.132380331414,0.032142748030701,0.0352004461264576,1.0,1.0,74,0.6529971227030431,0.6254319953930074,0.3732442763295375,A2C,failure
9,0.45,420999.8297228285,13542.247342523297,263864.05294307286,9302.333618825824,0.0321668713059552,0.0352542664113203,1.0,1.0,74,0.6529971227030431,0.6254319953930074,0.3732442763295375,A2C,failure
10,0.5,420999.8297228285,13544.82495751276,263864.05294307286,9305.672948123574,0.0321729939093566,0.0352669219028907,1.0,1.0,74,0.6529971227030431,0.6254319953930074,0.3732442763295375,A2C,failure
0,0.0,420999.8297228285,13405.501228684068,331041.97354687745,7536.452817158932,0.0318420585526359,0.0227658527298252,1.0,1.0,66,0.6703938678084715,0.6330192988315391,0.2136767044185651,DQN,failure
1,0.05,420999.8297228285,13426.329260189328,331041.97354687745,7560.825179238306,0.0318915313315655,0.0228394759076303,1.0,1.0,66,0.6703938678084715,0.6330192988315391,0.2136767044185651,DQN,failure
2,0.1,420999.8297228285,13445.595036222136,331041.97354687745,7583.32108327066,0.0319372932883945,0.0229074307466839,1.0,1.0,66,0.6703938678084715,0.6330192988315391,0.2136767044185651,DQN,failure
3,0.15,420999.8297228285,13463.366496612987,331041.97354687745,7604.036739780286,0.0319795058004579,0.0229700078763683,1.0,1.0,66,0.6703938678084715,0.6330192988315391,0.2136767044185651,DQN,failure
4,0.2,420999.8297228285,13479.710216760148,331041.97354687745,7623.066863073345,0.0320183270041574,0.0230274934063425,1.0,1.0,66,0.6703938678084715,0.6330192988315391,0.2136767044185651,DQN,failure
5,0.25,420999.8297228285,13494.691407629649,331041.97354687745,7640.504671237848,0.0320539117949622,0.0230801689265422,1.0,1.0,66,0.6703938678084715,0.6330192988315391,0.2136767044185651,DQN,failure
6,0.3,420999.8297228285,13508.373915755288,331041.97354687745,7656.441886143673,0.0320864118274079,0.0231283115071795,1.0,1.0,66,0.6703938678084715,0.6330192988315391,0.2136767044185651,DQN,failure
7,0.35,420999.8297228285,13520.82022323859,331041.97354687745,7670.968733442566,0.0321159755150975,0.0231721936987435,1.0,1.0,66,0.6703938678084715,0.6330192988315391,0.2136767044185651,DQN,failure
8,0.4,420999.8297228285,13532.09144774891,331041.97354687745,7684.173942568119,0.032142748030701,0.0232120835319995,1.0,1.0,66,0.6703938678084715,0.6330192988315391,0.2136767044185651,DQN,failure
9,0.45,420999.8297228285,13542.247342523297,331041.97354687745,7696.144746735791,0.0321668713059552,0.02324824451799,1.0,1.0,66,0.6703938678084715,0.6330192988315391,0.2136767044185651,DQN,failure
10,0.5,420999.8297228285,13544.82495751276,331041.97354687745,7700.58706341859,0.0321729939093566,0.0232616637126474,1.0,1.0,66,0.6703938678084715,0.6330192988315391,0.2136767044185651,DQN,failure
0,0.0,420999.8297228285,13405.501228684068,410177.7744325376,12321.283232422858,0.0318420585526359,0.0300388855770374,1.0,1.0,81,0.649504330994367,0.6730737118798351,0.0257056049106144,PPO,failure
1,0.05,420999.8297228285,13426.329260189328,410177.7744325376,12352.978169162368,0.0318915313315655,0.030116156796287,1.0,1.0,81,0.649504330994367,0.6730737118798351,0.0257056049106144,PPO,failure
2,0.1,420999.8297228285,13445.595036222136,410177.7744325376,12382.435930280742,0.0319372932883945,0.0301879738545348,1.0,1.0,81,0.649504330994367,0.6730737118798351,0.0257056049106144,PPO,failure
3,0.15,420999.8297228285,13463.366496612987,410177.7744325376,12409.771941266992,0.0319795058004579,0.0302546181553482,1.0,1.0,81,0.649504330994367,0.6730737118798351,0.0257056049106144,PPO,failure
4,0.2,420999.8297228285,13479.710216760148,410177.7744325376,12435.09630760834,0.0320183270041574,0.0303163581323043,1.0,1.0,81,0.649504330994367,0.6730737118798351,0.0257056049106144,PPO,failure
5,0.25,420999.8297228285,13494.691407629649,410177.7744325376,12458.51381479018,0.0320539117949622,0.0303734492489895,1.0,1.0,81,0.649504330994367,0.6730737118798351,0.0257056049106144,PPO,failure
6,0.3,420999.8297228285,13508.373915755288,410177.7744325376,12480.123928296132,0.0320864118274079,0.0304261339990003,1.0,1.0,81,0.649504330994367,0.6730737118798351,0.0257056049106144,PPO,failure
7,0.35,420999.8297228285,13520.82022323859,410177.7744325376,12500.020793607971,0.0321159755150975,0.0304746419059423,1.0,1.0,81,0.649504330994367,0.6730737118798351,0.0257056049106144,PPO,failure
8,0.4,420999.8297228285,13532.09144774891,410177.7744325376,12518.293236205707,0.032142748030701,0.0305191895234309,1.0,1.0,81,0.649504330994367,0.6730737118798351,0.0257056049106144,PPO,failure
9,0.45,420999.8297228285,13542.247342523297,410177.7744325376,12535.024761567513,0.0321668713059552,0.0305599804350909,1.0,1.0,81,0.649504330994367,0.6730737118798351,0.0257056049106144,PPO,failure
10,0.5,420999.8297228285,13544.82495751276,410177.7744325376,12539.825441814615,0.0321729939093566,0.0305716843365365,1.0,1.0,81,0.649504330994367,0.6730737118798351,0.0257056049106144,PPO,failure
